<?xml version="1.0" encoding="UTF-8"?>
<GenRun Id="impl_1" LaunchPart="xc7z010clg400-1" LaunchTime="1675375831">
  <File Type="BITSTR-BMM" Name="fault_tolerant_bd.bmm"/>
  <File Type="OPT-METHODOLOGY-DRC" Name="fault_tolerant_methodology_drc_opted.rpt"/>
  <File Type="INIT-TIMING" Name="fault_tolerant_timing_summary_init.rpt"/>
  <File Type="ROUTE-PWR" Name="fault_tolerant_power_routed.rpt"/>
  <File Type="PA-TCL" Name="fault_tolerant.tcl"/>
  <File Type="OPT-TIMING" Name="fault_tolerant_timing_summary_opted.rpt"/>
  <File Type="OPT-DCP" Name="fault_tolerant_opt.dcp"/>
  <File Type="ROUTE-PWR-SUM" Name="fault_tolerant_power_summary_routed.pb"/>
  <File Type="REPORTS-TCL" Name="fault_tolerant_reports.tcl"/>
  <File Type="OPT-DRC" Name="fault_tolerant_drc_opted.rpt"/>
  <File Type="OPT-HWDEF" Name="fault_tolerant.hwdef"/>
  <File Type="PWROPT-DCP" Name="fault_tolerant_pwropt.dcp"/>
  <File Type="PWROPT-DRC" Name="fault_tolerant_drc_pwropted.rpt"/>
  <File Type="PWROPT-TIMING" Name="fault_tolerant_timing_summary_pwropted.rpt"/>
  <File Type="PLACE-DCP" Name="fault_tolerant_placed.dcp"/>
  <File Type="PLACE-IO" Name="fault_tolerant_io_placed.rpt"/>
  <File Type="PLACE-CLK" Name="fault_tolerant_clock_utilization_placed.rpt"/>
  <File Type="PLACE-UTIL" Name="fault_tolerant_utilization_placed.rpt"/>
  <File Type="PLACE-UTIL-PB" Name="fault_tolerant_utilization_placed.pb"/>
  <File Type="PLACE-CTRL" Name="fault_tolerant_control_sets_placed.rpt"/>
  <File Type="PLACE-SIMILARITY" Name="fault_tolerant_incremental_reuse_placed.rpt"/>
  <File Type="PLACE-PRE-SIMILARITY" Name="fault_tolerant_incremental_reuse_pre_placed.rpt"/>
  <File Type="PLACE-TIMING" Name="fault_tolerant_timing_summary_placed.rpt"/>
  <File Type="POSTPLACE-PWROPT-DCP" Name="fault_tolerant_postplace_pwropt.dcp"/>
  <File Type="BG-BIN" Name="fault_tolerant.bin"/>
  <File Type="POSTPLACE-PWROPT-TIMING" Name="fault_tolerant_timing_summary_postplace_pwropted.rpt"/>
  <File Type="PHYSOPT-DCP" Name="fault_tolerant_physopt.dcp"/>
  <File Type="PHYSOPT-DRC" Name="fault_tolerant_drc_physopted.rpt"/>
  <File Type="BITSTR-MSK" Name="fault_tolerant.msk"/>
  <File Type="PHYSOPT-TIMING" Name="fault_tolerant_timing_summary_physopted.rpt"/>
  <File Type="ROUTE-ERROR-DCP" Name="fault_tolerant_routed_error.dcp"/>
  <File Type="ROUTE-DCP" Name="fault_tolerant_routed.dcp"/>
  <File Type="ROUTE-BLACKBOX-DCP" Name="fault_tolerant_routed_bb.dcp"/>
  <File Type="ROUTE-DRC" Name="fault_tolerant_drc_routed.rpt"/>
  <File Type="ROUTE-DRC-PB" Name="fault_tolerant_drc_routed.pb"/>
  <File Type="ROUTE-DRC-RPX" Name="fault_tolerant_drc_routed.rpx"/>
  <File Type="BITSTR-MMI" Name="fault_tolerant.mmi"/>
  <File Type="ROUTE-METHODOLOGY-DRC" Name="fault_tolerant_methodology_drc_routed.rpt"/>
  <File Type="ROUTE-METHODOLOGY-DRC-RPX" Name="fault_tolerant_methodology_drc_routed.rpx"/>
  <File Type="ROUTE-METHODOLOGY-DRC-PB" Name="fault_tolerant_methodology_drc_routed.pb"/>
  <File Type="ROUTE-PWR-RPX" Name="fault_tolerant_power_routed.rpx"/>
  <File Type="ROUTE-STATUS" Name="fault_tolerant_route_status.rpt"/>
  <File Type="ROUTE-STATUS-PB" Name="fault_tolerant_route_status.pb"/>
  <File Type="ROUTE-TIMINGSUMMARY" Name="fault_tolerant_timing_summary_routed.rpt"/>
  <File Type="ROUTE-TIMING-PB" Name="fault_tolerant_timing_summary_routed.pb"/>
  <File Type="ROUTE-TIMING-RPX" Name="fault_tolerant_timing_summary_routed.rpx"/>
  <File Type="ROUTE-SIMILARITY" Name="fault_tolerant_incremental_reuse_routed.rpt"/>
  <File Type="ROUTE-CLK" Name="fault_tolerant_clock_utilization_routed.rpt"/>
  <File Type="ROUTE-BUS-SKEW" Name="fault_tolerant_bus_skew_routed.rpt"/>
  <File Type="ROUTE-BUS-SKEW-PB" Name="fault_tolerant_bus_skew_routed.pb"/>
  <File Type="ROUTE-BUS-SKEW-RPX" Name="fault_tolerant_bus_skew_routed.rpx"/>
  <File Type="POSTROUTE-PHYSOPT-DCP" Name="fault_tolerant_postroute_physopt.dcp"/>
  <File Type="POSTROUTE-PHYSOPT-BLACKBOX-DCP" Name="fault_tolerant_postroute_physopt_bb.dcp"/>
  <File Type="POSTROUTE-PHYSOPT-TIMING" Name="fault_tolerant_timing_summary_postroute_physopted.rpt"/>
  <File Type="POSTROUTE-PHYSOPT-TIMING-PB" Name="fault_tolerant_timing_summary_postroute_physopted.pb"/>
  <File Type="POSTROUTE-PHYSOPT-TIMING-RPX" Name="fault_tolerant_timing_summary_postroute_physopted.rpx"/>
  <File Type="POSTROUTE-PHYSOPT-BUS-SKEW" Name="fault_tolerant_bus_skew_postroute_physopted.rpt"/>
  <File Type="POSTROUTE-PHYSOPT-BUS-SKEW-PB" Name="fault_tolerant_bus_skew_postroute_physopted.pb"/>
  <File Type="BG-BIT" Name="fault_tolerant.bit"/>
  <File Type="POSTROUTE-PHYSOPT-BUS-SKEW-RPX" Name="fault_tolerant_bus_skew_postroute_physopted.rpx"/>
  <File Type="BITSTR-RBT" Name="fault_tolerant.rbt"/>
  <File Type="BITSTR-NKY" Name="fault_tolerant.nky"/>
  <File Type="PDI-FILE" Name="fault_tolerant.pdi"/>
  <File Type="RCFI_FILE" Name="fault_tolerant.rcfi"/>
  <File Type="CFI_FILE" Name="fault_tolerant.cfi"/>
  <File Type="RNPI_FILE" Name="fault_tolerant.rnpi"/>
  <File Type="NPI_FILE" Name="fault_tolerant.npi"/>
  <File Type="RBD_FILE" Name="fault_tolerant.rbd"/>
  <File Type="BITSTR-LTX" Name="debug_nets.ltx"/>
  <File Type="BITSTR-LTX" Name="fault_tolerant.ltx"/>
  <File Type="BITSTR-SYSDEF" Name="fault_tolerant.sysdef"/>
  <File Type="BG-BGN" Name="fault_tolerant.bgn"/>
  <File Type="BG-DRC" Name="fault_tolerant.drc"/>
  <File Type="RDI-RDI" Name="fault_tolerant.vdi"/>
  <File Type="WBT-USG" Name="usage_statistics_webtalk.html"/>
  <FileSet Name="sources" Type="DesignSrcs" RelSrcDir="$PSRCDIR/sources_1" RelGenDir="$PGENDIR/sources_1">
    <Filter Type="Srcs"/>
    <File Path="$PSRCDIR/sources_1/new/util_pkg.vhd">
      <FileInfo>
        <Attr Name="UsedIn" Val="synthesis"/>
        <Attr Name="UsedIn" Val="simulation"/>
      </FileInfo>
    </File>
    <File Path="$PSRCDIR/sources_1/new/mac.vhd">
      <FileInfo>
        <Attr Name="UsedIn" Val="synthesis"/>
        <Attr Name="UsedIn" Val="simulation"/>
      </FileInfo>
    </File>
    <File Path="$PSRCDIR/sources_1/new/fir_filtar.vhd">
      <FileInfo>
        <Attr Name="UsedIn" Val="synthesis"/>
        <Attr Name="UsedIn" Val="simulation"/>
      </FileInfo>
    </File>
    <File Path="$PSRCDIR/sources_1/new/module.vhd">
      <FileInfo>
        <Attr Name="UsedIn" Val="synthesis"/>
        <Attr Name="UsedIn" Val="simulation"/>
      </FileInfo>
    </File>
    <File Path="$PSRCDIR/sources_1/new/fault_tolerant.vhd">
      <FileInfo SFType="VHDL2008">
        <Attr Name="UsedIn" Val="synthesis"/>
        <Attr Name="UsedIn" Val="simulation"/>
      </FileInfo>
    </File>
    <File Path="$PSRCDIR/sources_1/new/top.vhd">
      <FileInfo>
        <Attr Name="AutoDisabled" Val="1"/>
        <Attr Name="UsedIn" Val="synthesis"/>
        <Attr Name="UsedIn" Val="simulation"/>
      </FileInfo>
    </File>
    <File Path="$PSRCDIR/sources_1/new/txt_util.vhd">
      <FileInfo>
        <Attr Name="AutoDisabled" Val="1"/>
        <Attr Name="UsedIn" Val="synthesis"/>
        <Attr Name="UsedIn" Val="simulation"/>
      </FileInfo>
    </File>
    <Config>
      <Option Name="DesignMode" Val="RTL"/>
      <Option Name="TopModule" Val="fault_tolerant"/>
    </Config>
  </FileSet>
  <FileSet Name="constrs_in" Type="Constrs" RelSrcDir="$PSRCDIR/constrs_1">
    <Filter Type="Constrs"/>
    <File Path="$PSRCDIR/constrs_1/new/clock_constraint.xdc">
      <FileInfo>
        <Attr Name="UsedIn" Val="synthesis"/>
        <Attr Name="UsedIn" Val="implementation"/>
      </FileInfo>
    </File>
    <Config>
      <Option Name="ConstrsType" Val="XDC"/>
    </Config>
  </FileSet>
  <FileSet Name="utils" Type="Utils" RelSrcDir="$PSRCDIR/utils_1">
    <Filter Type="Utils"/>
    <Config>
      <Option Name="TopAutoSet" Val="TRUE"/>
    </Config>
  </FileSet>
  <Strategy Version="1" Minor="2">
    <StratHandle Name="Vivado Implementation Defaults" Flow="Vivado Implementation 2020"/>
    <Step Id="init_design"/>
    <Step Id="opt_design"/>
    <Step Id="power_opt_design"/>
    <Step Id="place_design"/>
    <Step Id="post_place_power_opt_design"/>
    <Step Id="phys_opt_design"/>
    <Step Id="route_design"/>
    <Step Id="post_route_phys_opt_design"/>
    <Step Id="write_bitstream"/>
  </Strategy>
</GenRun>
